{
  "test/integration/opaTests.qunit.js.map": 1715252971074,
  "Component.js": 1715246812776,
  "test/integration/pages/RiskList.js": 1715246812940,
  "test/integration/opaTests.qunit.js": 1715246812896,
  "test/integration/FirstJourney.js": 1715246812992,
  "test/testsuite.qunit.js": 1715246812880,
  "xs-app.json": 1715252953096,
  "manifest.json": 1715251991314,
  "test/integration/pages/RiskObjectPage.js": 1715246812940,
  "test/integration/pages/RiskList-dbg.js": 1715246812940,
  "test/integration/pages/RiskList.js.map": 1715252971081,
  "Component-dbg.js": 1715246812776,
  "Component.js.map": 1715252971081,
  "test/integration/opaTests.qunit-dbg.js": 1715246812896,
  "i18n/i18n.properties": 1715246852175,
  "test/integration/FirstJourney-dbg.js": 1715246812992,
  "test/integration/FirstJourney.js.map": 1715252971088,
  "test/testsuite.qunit-dbg.js": 1715246812880,
  "test/testsuite.qunit.js.map": 1715252971079,
  "test/integration/pages/RiskObjectPage-dbg.js": 1715246812940,
  "test/integration/pages/RiskObjectPage.js.map": 1715252971082,
  "Component-preload.js": 1715252971184,
  "Component-preload.js.map": 1715252971184,
  "test/integration/opaTests.qunit.html": 1715246812896,
  "test/testsuite.qunit.html": 1715246812876,
  "test/flpSandbox.html": 1715246812872,
  "index.html": 1715246812788
}